{
  "poster_vs_frame44_mean_abs_diff": 0.046731848269701004,
  "ref_mask_iou_per_frame": {
    "33": 0.19706571417598034,
    "34": 0.3003417356269364,
    "35": 0.46194620078870263,
    "36": 0.5974747971209192,
    "37": 0.609127715233228,
    "38": 0.7040578938598143,
    "39": 0.7215000166738266,
    "40": 0.6756380470362661,
    "41": 0.8662887855443508,
    "42": 0.8162686803783704,
    "43": 0.7731315761620144,
    "44": 0.8014506078251098
  },
  "ref_mask_iou_avg": 0.6270243142021266,
  "gen_alpha_area_norm_to_end": {
    "33": 0.06246296863826744,
    "34": 0.08680661967514558,
    "35": 0.1544693022780672,
    "36": 0.29097456328532023,
    "37": 0.38465752375114926,
    "38": 0.49237409337010934,
    "39": 0.6074854428440085,
    "40": 0.7255554704259884,
    "41": 0.8413729696598222,
    "42": 0.9372701501685565,
    "43": 1.0011441413831852,
    "44": 1.0
  },
  "gen_consecutive_mad_on_alpha": {
    "33->34": 0.4278877079486847,
    "34->35": 0.4517024755477905,
    "35->36": 0.3579085171222687,
    "36->37": 0.2507789731025696,
    "37->38": 0.22899088263511658,
    "38->39": 0.21536527574062347,
    "39->40": 0.20327354967594147,
    "40->41": 0.1910676807165146,
    "41->42": 0.17185786366462708,
    "42->43": 0.15037000179290771,
    "43->44": 0.2122332751750946
  }
}