{
  "poster_vs_frame44_mean_abs_diff": 0.04160328954458237,
  "ref_mask_iou_per_frame": {
    "33": 0.2038645584104858,
    "34": 0.37143862264791,
    "35": 0.44163313159479073,
    "36": 0.5365532505007774,
    "37": 0.6505825326440673,
    "38": 0.7134759758233986,
    "39": 0.6776721893122802,
    "40": 0.574277107228499,
    "41": 0.8529027920027463,
    "42": 0.7407094357321973,
    "43": 0.673660251098082,
    "44": 0.7067999563058635
  },
  "ref_mask_iou_avg": 0.5952974836084247,
  "gen_alpha_area_norm_to_end": {
    "33": 0.10617787792894297,
    "34": 0.11494936322552819,
    "35": 0.1724612073771018,
    "36": 0.2566016997920024,
    "37": 0.36655889530411906,
    "38": 0.4969352166857547,
    "39": 0.6401202264437365,
    "40": 0.788023752492987,
    "41": 0.788023752492987,
    "42": 0.9219766867006535,
    "43": 1.013755770047219,
    "44": 1.0
  },
  "gen_consecutive_mad_on_alpha": {
    "33->34": 0.35017693042755127,
    "34->35": 0.24901296198368073,
    "35->36": 0.22432571649551392,
    "36->37": 0.21726220846176147,
    "37->38": 0.20120128989219666,
    "38->39": 0.1849108189344406,
    "39->40": 0.16909871995449066,
    "40->41": 0.0,
    "41->42": 0.1426917314529419,
    "42->43": 0.12028389424085617,
    "43->44": 0.22817131876945496
  }
}