{
  "poster_vs_frame44_mean_abs_diff": 0.028760258108377457,
  "ref_mask_iou_per_frame": {
    "33": 0.32255921651989067,
    "34": 0.09638089837364157,
    "35": 0.10665963724647569,
    "36": 0.12055766726030674,
    "37": 0.07053924350587931,
    "38": 0.07215825081768897,
    "39": 0.0816948317191012,
    "40": 0.10109299819036738,
    "41": 0.5114827573128682,
    "42": 0.67296622762093,
    "43": 0.7408978010069505,
    "44": 0.8019933809529894
  },
  "ref_mask_iou_avg": 0.30824857587725746,
  "gen_consecutive_mad_on_alpha": {
    "33->34": 0.22081954777240753,
    "34->35": 0.20248545706272125,
    "35->36": 0.24988211691379547,
    "36->37": 0.28781041502952576,
    "37->38": 0.23084723949432373,
    "38->39": 0.1461154669523239,
    "39->40": 0.27760156989097595,
    "40->41": 0.502220869064331,
    "41->42": 0.27981725335121155,
    "42->43": 0.18943585455417633,
    "43->44": 0.19316115975379944
  }
}