{
  "poster_vs_frame44_mean_abs_diff": 0.028758859261870384,
  "ref_mask_iou_per_frame": {
    "33": 0.4838831113829937,
    "34": 0.3541233425246765,
    "35": 0.5881959661647935,
    "36": 0.27139727648073025,
    "37": 0.4868669486287674,
    "38": 0.5299977440841576,
    "39": 0.5136769021270067,
    "40": 0.5147952423544246,
    "41": 0.7757758961454966,
    "42": 0.7752165509342115,
    "43": 0.7750011821192011,
    "44": 0.801960588892211
  },
  "ref_mask_iou_avg": 0.5725742293198892
}