{
  "poster_vs_frame44_mean_abs_diff": 0.025834577158093452,
  "ref_mask_iou_per_frame": {
    "33": 0.36004395669671363,
    "34": 0.26257188519618735,
    "35": 0.41813292753573067,
    "36": 0.6131607701156472,
    "37": 0.7055997529392831,
    "38": 0.7115196978634524,
    "39": 0.700380496203895,
    "40": 0.7411125277593215,
    "41": 0.8941926357124854,
    "42": 0.8798029745082087,
    "43": 0.8209453787201777,
    "44": 0.8021009987411899
  },
  "ref_mask_iou_avg": 0.6591303334993577,
  "gen_alpha_area_norm_to_end": {
    "33": 0.056895659341712625,
    "34": 0.07600401285647648,
    "35": 0.1307577781043726,
    "36": 0.2832233205748353,
    "37": 0.488823427925136,
    "38": 0.6657354454078993,
    "39": 0.7133299679866067,
    "40": 0.6017712799606383,
    "41": 0.7137363655533334,
    "42": 0.8579014294203724,
    "43": 0.9436704856962115,
    "44": 1.0
  },
  "gen_consecutive_mad_on_alpha": {
    "33->34": 0.3489043116569519,
    "34->35": 0.47965550422668457,
    "35->36": 0.3741208612918854,
    "36->37": 0.27652719616889954,
    "37->38": 0.24447005987167358,
    "38->39": 0.18858224153518677,
    "39->40": 0.22233076393604279,
    "40->41": 0.2031366229057312,
    "41->42": 0.20630662143230438,
    "42->43": 0.16620595753192902,
    "43->44": 0.17744006216526031
  }
}