{
  "poster_vs_frame44_mean_abs_diff": 0.031113620847463608,
  "ref_mask_iou_per_frame": {
    "33": 0.3947413896236824,
    "34": 0.3373415097221919,
    "35": 0.5686715439627711,
    "36": 0.2407669522756096,
    "37": 0.42869353195076537,
    "38": 0.46875579757747315,
    "39": 0.4528565405885549,
    "40": 0.45393673072990054,
    "41": 0.6840864404619152,
    "42": 0.6834771651697411,
    "43": 0.6832378121806651,
    "44": 0.7069440533447472
  },
  "ref_mask_iou_avg": 0.5086257889656681
}