{
  "poster_vs_frame44_mean_abs_diff": 0.04150622338056564,
  "ref_mask_iou_per_frame": {
    "33": 0.2038360579047223,
    "34": 0.2879249234734977,
    "35": 0.4140032776033131,
    "36": 0.5199518713369818,
    "37": 0.646763307600363,
    "38": 0.6467895989161231,
    "39": 0.7041642607850827,
    "40": 0.6407935425451093,
    "41": 0.7984060922928651,
    "42": 0.6922498256316358,
    "43": 0.6922600993814061,
    "44": 0.7067028632617696
  },
  "ref_mask_iou_avg": 0.5794871433944059,
  "gen_alpha_area_norm_to_end": {
    "33": 0.10626125279102998,
    "34": 0.10626125279102998,
    "35": 0.15705208684030073,
    "36": 0.2475507058223447,
    "37": 0.37281291907673914,
    "38": 0.37281291907673914,
    "39": 0.5212197096540643,
    "40": 0.6880442015824563,
    "41": 0.8551715828954198,
    "42": 0.9863823635055449,
    "43": 0.9863823635055449,
    "44": 1.0
  },
  "gen_consecutive_mad_on_alpha": {
    "33->34": 0.0,
    "34->35": 0.3127714693546295,
    "35->36": 0.26489943265914917,
    "36->37": 0.24718207120895386,
    "37->38": 0.0,
    "38->39": 0.22458381950855255,
    "39->40": 0.19960390031337738,
    "40->41": 0.17888323962688446,
    "41->42": 0.14671222865581512,
    "42->43": 0.0,
    "43->44": 0.2286977618932724
  }
}