{
  "poster_vs_frame44_mean_abs_diff": 0.04160328954458237,
  "ref_mask_iou_per_frame": {
    "33": 0.2038645584104858,
    "34": 0.4243271628129376,
    "35": 0.45738499933081933,
    "36": 0.5625658083275106,
    "37": 0.6341726610601347,
    "38": 0.6557560967270427,
    "39": 0.667570745504478,
    "40": 0.6511807948815453,
    "41": 0.8596047698508238,
    "42": 0.7641400407024338,
    "43": 0.7248156983859864,
    "44": 0.7067999563058635
  },
  "ref_mask_iou_avg": 0.6093486076916718,
  "gen_alpha_area_norm_to_end": {
    "33": 0.10617787792894297,
    "34": 0.12188073978227258,
    "35": 0.1795164590632112,
    "36": 0.308967095387228,
    "37": 0.36435053958880215,
    "38": 0.4200335363759317,
    "39": 0.4849474825758369,
    "40": 0.6378916002527053,
    "41": 0.7766306190040214,
    "42": 0.8848434274671704,
    "43": 0.9422077476010455,
    "44": 1.0
  },
  "gen_consecutive_mad_on_alpha": {
    "33->34": 0.32095053791999817,
    "34->35": 0.273175984621048,
    "35->36": 0.2475452572107315,
    "36->37": 0.18000838160514832,
    "37->38": 0.17264582216739655,
    "38->39": 0.16683007776737213,
    "39->40": 0.20782239735126495,
    "40->41": 0.18022188544273376,
    "41->42": 0.170859694480896,
    "42->43": 0.15258871018886566,
    "43->44": 0.19497786462306976
  }
}