{
  "poster_vs_frame44_mean_abs_diff": 0.04690941050648689,
  "ref_mask_iou_per_frame": {
    "33": 0.2158377914272505,
    "34": 0.27539260552513467,
    "35": 0.435696956854537,
    "36": 0.615823024147804,
    "37": 0.5272383115653985,
    "38": 0.5744498362050431,
    "39": 0.6530959619749068,
    "40": 0.681706747828331,
    "41": 0.8879475670632804,
    "42": 0.8417883141585304,
    "43": 0.8167686295647487,
    "44": 0.8017854017601077
  },
  "ref_mask_iou_avg": 0.6106275956729227,
  "gen_alpha_area_norm_to_end": {
    "33": 0.06062522276004001,
    "34": 0.08161544622907972,
    "35": 0.15478421498403794,
    "36": 0.2655044181539692,
    "37": 0.31122404007189636,
    "38": 0.3566690044494521,
    "39": 0.4729743367659139,
    "40": 0.6188455951956647,
    "41": 0.7583192491501585,
    "42": 0.8791647344828071,
    "43": 0.9476208908357637,
    "44": 1.0
  },
  "gen_consecutive_mad_on_alpha": {
    "33->34": 0.3818245828151703,
    "34->35": 0.4601975083351135,
    "35->36": 0.3314155042171478,
    "36->37": 0.2781744599342346,
    "37->38": 0.25901666283607483,
    "38->39": 0.26650258898735046,
    "39->40": 0.2428763508796692,
    "40->41": 0.21459683775901794,
    "41->42": 0.1851544827222824,
    "42->43": 0.18750864267349243,
    "43->44": 0.1763305515050888
  }
}