{
  "poster_vs_frame44_mean_abs_diff": 0.04145338758826256,
  "ref_mask_iou_per_frame": {
    "33": 0.20380533578019772,
    "34": 0.4248568233998788,
    "35": 0.4577410763111616,
    "36": 0.5625168921092936,
    "37": 0.6344225264566054,
    "38": 0.655789354516929,
    "39": 0.6675289260665955,
    "40": 0.6509025092330163,
    "41": 0.8592504639070293,
    "42": 0.7637045198384054,
    "43": 0.724400974256735,
    "44": 0.7064976231777039
  },
  "ref_mask_iou_avg": 0.6092847520877959,
  "gen_alpha_area_norm_to_end": {
    "33": 0.10634971200095455,
    "34": 0.12211902459670565,
    "35": 0.1797728651655671,
    "36": 0.3092311658079789,
    "37": 0.3645807888821224,
    "38": 0.42025347518097733,
    "39": 0.4851745498220901,
    "40": 0.6380408635581305,
    "41": 0.7768094636137379,
    "42": 0.8850469004503749,
    "43": 0.9423439081194681,
    "44": 1.0
  },
  "gen_consecutive_mad_on_alpha": {
    "33->34": 0.31383150815963745,
    "34->35": 0.2710837125778198,
    "35->36": 0.2457154244184494,
    "36->37": 0.17835184931755066,
    "37->38": 0.17109662294387817,
    "38->39": 0.1653408408164978,
    "39->40": 0.20707479119300842,
    "40->41": 0.17970773577690125,
    "41->42": 0.17062340676784515,
    "42->43": 0.15253081917762756,
    "43->44": 0.19499455392360687
  }
}