{
  "poster_vs_frame44_mean_abs_diff": 0.046731848269701004,
  "ref_mask_iou_per_frame": {
    "33": 0.21633283192146308,
    "34": 0.2760136311735947,
    "35": 0.43624941632222475,
    "36": 0.6159352101812572,
    "37": 0.527700696686893,
    "38": 0.5748579115364969,
    "39": 0.6532328310358628,
    "40": 0.6815808687571709,
    "41": 0.8880272143079571,
    "42": 0.8414992392896244,
    "43": 0.816280632576079,
    "44": 0.8014506078251098
  },
  "ref_mask_iou_avg": 0.6107634243011445,
  "gen_alpha_area_norm_to_end": {
    "33": 0.06077357237715803,
    "34": 0.08178567780161407,
    "35": 0.15497624885075084,
    "36": 0.26573194401879663,
    "37": 0.31148993768515676,
    "38": 0.3569465726836245,
    "39": 0.4732659107161099,
    "40": 0.6191273368066197,
    "41": 0.7585759525998569,
    "42": 0.8794105628766983,
    "43": 0.947808764940239,
    "44": 1.0
  },
  "gen_consecutive_mad_on_alpha": {
    "33->34": 0.37931573390960693,
    "34->35": 0.45915359258651733,
    "35->36": 0.3321079909801483,
    "36->37": 0.27902281284332275,
    "37->38": 0.2597198188304901,
    "38->39": 0.2673547863960266,
    "39->40": 0.24357570707798004,
    "40->41": 0.21516025066375732,
    "41->42": 0.18562671542167664,
    "42->43": 0.18800343573093414,
    "43->44": 0.17653632164001465
  }
}