{
  "poster_vs_frame44_mean_abs_diff": 0.046731848269701004,
  "ref_mask_iou_per_frame": {
    "33": 0.21633283192146308,
    "34": 0.299032592421974,
    "35": 0.46298258029635037,
    "36": 0.5994491354897784,
    "37": 0.6014434994148598,
    "38": 0.6014652014652014,
    "39": 0.7014209312080537,
    "40": 0.6847431892354142,
    "41": 0.8695328267838063,
    "42": 0.8205512931357265,
    "43": 0.7764915530650965,
    "44": 0.8014506078251098
  },
  "ref_mask_iou_avg": 0.6195746868552362,
  "gen_alpha_area_norm_to_end": {
    "33": 0.06077357237715803,
    "34": 0.08666998671978753,
    "35": 0.15578966186535909,
    "36": 0.2838568801716212,
    "37": 0.37454413116763713,
    "38": 0.37454413116763713,
    "39": 0.4813234242517111,
    "40": 0.7195397895597099,
    "41": 0.8342718868117274,
    "42": 0.9330485749310451,
    "43": 0.996346664623557,
    "44": 1.0
  },
  "gen_consecutive_mad_on_alpha": {
    "33->34": 0.43349844217300415,
    "34->35": 0.44232478737831116,
    "35->36": 0.35194429755210876,
    "36->37": 0.25471362471580505,
    "37->38": 0.0,
    "38->39": 0.23805579543113708,
    "39->40": 0.24531584978103638,
    "40->41": 0.2036251574754715,
    "41->42": 0.1857350915670395,
    "42->43": 0.156505286693573,
    "43->44": 0.20987090468406677
  }
}