{
  "33": 0.07104162948989216,
  "34": 0.09723039789384473,
  "35": 0.1757967031057004,
  "36": 0.3067405451254592,
  "37": 0.34856905146501604,
  "38": 0.3774125312574596,
  "39": 0.5295876912238093,
  "40": 0.6773014571943721,
  "41": 0.788424224270389,
  "42": 0.9143633602898749,
  "43": 0.9785040510131011,
  "44": 1.0
}