{
  "poster_vs_frame44_mean_abs_diff": 0.046731848269701004,
  "ref_mask_iou_per_frame": {
    "33": 0.15520655988325632,
    "34": 0.24599612792897363,
    "35": 0.48886160398054374,
    "36": 0.6389528305567477,
    "37": 0.6849820097721238,
    "38": 0.7155067264896683,
    "39": 0.7155044156722634,
    "40": 0.7155044156722634,
    "41": 0.8655470469353019,
    "42": 0.8545910168831629,
    "43": 0.8041662135963528,
    "44": 0.8014506078251098
  },
  "ref_mask_iou_avg": 0.6405224645996473,
  "gen_alpha_area_norm_to_end": {
    "33": 0.06726938400245173,
    "34": 0.07090356522627439,
    "35": 0.15462125855552153,
    "36": 0.40910460721217695,
    "37": 0.40910460721217695,
    "38": 0.7046723362958422,
    "39": 0.7046723362958422,
    "40": 0.7046723362958422,
    "41": 0.8687621309633262,
    "42": 0.8983552967616713,
    "43": 0.9629609766063949,
    "44": 1.0
  },
  "gen_consecutive_mad_on_alpha": {
    "33->34": 0.2783750891685486,
    "34->35": 0.478203684091568,
    "35->36": 0.32891300320625305,
    "36->37": 0.0,
    "37->38": 0.24644404649734497,
    "38->39": 0.0,
    "39->40": 0.0,
    "40->41": 0.2014620304107666,
    "41->42": 0.18359442055225372,
    "42->43": 0.14161017537117004,
    "43->44": 0.15775366127490997
  }
}