{
  "poster_vs_frame44_mean_abs_diff": 0.046731848269701004,
  "ref_mask_iou_per_frame": {
    "33": 0.18307535713032186,
    "34": 0.27156545321515724,
    "35": 0.6272875928596969,
    "36": 0.6077501540035101,
    "37": 0.7090629325783823,
    "38": 0.6705270461315346,
    "39": 0.6491638293870268,
    "40": 0.7407541986591686,
    "41": 0.9105687084265943,
    "42": 0.8567121618570331,
    "43": 0.8040318731438268,
    "44": 0.8014506078251098
  },
  "ref_mask_iou_avg": 0.6526624929347803,
  "gen_alpha_area_norm_to_end": {
    "33": 0.06902773521299417,
    "34": 0.08237817958933497,
    "35": 0.22896746347941566,
    "36": 0.4182986004699152,
    "37": 0.6032064051486362,
    "38": 0.7137258657676985,
    "39": 0.7073373173970784,
    "40": 0.6554270099090816,
    "41": 0.773408928389008,
    "42": 0.8951757074267035,
    "43": 0.9631218714884053,
    "44": 1.0
  },
  "gen_consecutive_mad_on_alpha": {
    "33->34": 0.45066311955451965,
    "34->35": 0.4350672960281372,
    "35->36": 0.30697086453437805,
    "36->37": 0.25724145770072937,
    "37->38": 0.20286819338798523,
    "38->39": 0.18189120292663574,
    "39->40": 0.21475231647491455,
    "40->41": 0.21591651439666748,
    "41->42": 0.19305390119552612,
    "42->43": 0.143174409866333,
    "43->44": 0.15768224000930786
  }
}