{
  "33": 0.0749866163611798,
  "34": 0.10086382408220756,
  "35": 0.17849544724528882,
  "36": 0.3078814858504236,
  "37": 0.4021306443999995,
  "38": 0.4786211819935403,
  "39": 0.57210961683009,
  "40": 0.6771602337327953,
  "41": 0.7883373175248034,
  "42": 0.914338012489079,
  "43": 0.9785040510131011,
  "44": 1.0
}