{
  "poster_vs_frame44_mean_abs_diff": 0.028758859261870384,
  "ref_mask_iou_per_frame": {
    "33": 0.4838831113829937,
    "34": 0.3138076903591874,
    "35": 0.558220985095856,
    "36": 0.3953751407238026,
    "37": 0.460417638409623,
    "38": 0.5127046073504226,
    "39": 0.5328796050415041,
    "40": 0.5151001892492089,
    "41": 0.7801451376569312,
    "42": 0.7796847698773819,
    "43": 0.7789092011349056,
    "44": 0.801960588892211
  },
  "ref_mask_iou_avg": 0.5760907220978356,
  "gen_consecutive_mad_on_alpha": {
    "33->34": 0.2251565307378769,
    "34->35": 0.34264519810676575,
    "35->36": 0.28031256794929504,
    "36->37": 0.21951372921466827,
    "37->38": 0.1824060082435608,
    "38->39": 0.12756384909152985,
    "39->40": 0.1170145645737648,
    "40->41": 0.03047623485326767,
    "41->42": 0.0061899940483272076,
    "42->43": 0.004761279560625553,
    "43->44": 0.11282350867986679
  }
}