{
  "poster_vs_frame44_mean_abs_diff": 0.028758859261870384,
  "ref_mask_iou_per_frame": {
    "33": 0.4838831113829937,
    "34": 0.36645065388405457,
    "35": 0.4454686838953409,
    "36": 0.2592049056083781,
    "37": 0.5246799991119249,
    "38": 0.513494928217923,
    "39": 0.5134051289522414,
    "40": 0.5133939753308558,
    "41": 0.774969904999476,
    "42": 0.7749510563146299,
    "43": 0.7749516639980167,
    "44": 0.801960588892211
  },
  "ref_mask_iou_avg": 0.5622345500490038,
  "gen_consecutive_mad_on_alpha": {
    "33->34": 0.35737937688827515,
    "34->35": 0.3168697953224182,
    "35->36": 0.2354724109172821,
    "36->37": 0.18323633074760437,
    "37->38": 0.09522861242294312,
    "38->39": 0.006748748477548361,
    "39->40": 0.0028038774617016315,
    "40->41": 0.0016453679418191314,
    "41->42": 0.0009575625299476087,
    "42->43": 0.0005174304242245853,
    "43->44": 0.10972953587770462
  }
}