{
  "poster_vs_frame_end_mean_abs_diff": 0.033765457570552826,
  "ref_mean_abs_diff_on_alpha_per_frame": {
    "33": 0.15822836756706238,
    "34": 0.21401001513004303,
    "35": 0.2567472755908966,
    "36": 0.29728737473487854,
    "37": 0.39134928584098816,
    "38": 0.3984832167625427,
    "39": 0.3902095854282379,
    "40": 0.39750936627388,
    "41": 0.5392329096794128,
    "42": 0.6586470603942871,
    "43": 0.5444489121437073,
    "44": 0.5155069828033447
  },
  "ref_mean_abs_diff_on_alpha_avg": 0.3968050293624401
}