{
  "poster_vs_frame44_mean_abs_diff": 0.04145338758826256,
  "ref_mask_iou_per_frame": {
    "33": 0.20380533578019772,
    "34": 0.2882065821479775,
    "35": 0.41427683565657464,
    "36": 0.5200515000264555,
    "37": 0.6469373864169881,
    "38": 0.646963679168988,
    "39": 0.704168382394953,
    "40": 0.6406509357728041,
    "41": 0.7981478459100457,
    "42": 0.6920941868215144,
    "43": 0.6921044582614333,
    "44": 0.7064976231777039
  },
  "ref_mask_iou_avg": 0.5794920626279697,
  "gen_alpha_area_norm_to_end": {
    "33": 0.10634971200095455,
    "34": 0.10634971200095455,
    "35": 0.1571528111566001,
    "36": 0.24766116858834877,
    "37": 0.372930903867866,
    "38": 0.372930903867866,
    "39": 0.5213047251654995,
    "40": 0.6880740141224782,
    "41": 0.8552023872908954,
    "42": 0.9863176533227672,
    "43": 0.9863176533227672,
    "44": 1.0
  },
  "gen_consecutive_mad_on_alpha": {
    "33->34": 0.0,
    "34->35": 0.30806297063827515,
    "35->36": 0.2631748616695404,
    "36->37": 0.24628877639770508,
    "37->38": 0.0,
    "38->39": 0.22413384914398193,
    "39->40": 0.19932995736598969,
    "40->41": 0.17879337072372437,
    "41->42": 0.14675329625606537,
    "42->43": 0.0,
    "43->44": 0.22874297201633453
  }
}