{
  "poster_vs_frame44_mean_abs_diff": 0.046802785247564316,
  "ref_mask_iou_per_frame": {
    "33": 0.21608133086876155,
    "34": 0.2987114235469739,
    "35": 0.4626418843472221,
    "36": 0.5994268028748495,
    "37": 0.6012588672498681,
    "38": 0.6012805654947734,
    "39": 0.701282810427669,
    "40": 0.734962387276472,
    "41": 0.8647694281601068,
    "42": 0.8819227726502166,
    "43": 0.7954095515198837,
    "44": 0.8016809406114486
  },
  "ref_mask_iou_avg": 0.6299523970856871,
  "gen_alpha_area_norm_to_end": {
    "33": 0.060695240102440304,
    "34": 0.08659398769949993,
    "35": 0.15568498968571776,
    "36": 0.28375708109005676,
    "37": 0.3744614539625365,
    "38": 0.3744614539625365,
    "39": 0.4812484432778342,
    "40": 0.5982041014439995,
    "41": 0.7161215744129162,
    "42": 0.8206298418050951,
    "43": 0.9641343986102862,
    "44": 1.0
  },
  "gen_consecutive_mad_on_alpha": {
    "33->34": 0.4345042109489441,
    "34->35": 0.4427102506160736,
    "35->36": 0.35199686884880066,
    "36->37": 0.2544594705104828,
    "37->38": 0.0,
    "38->39": 0.23777279257774353,
    "39->40": 0.2230188548564911,
    "40->41": 0.21289490163326263,
    "41->42": 0.19832372665405273,
    "42->43": 0.18961206078529358,
    "43->44": 0.19771532714366913
  }
}