{
  "poster_vs_frame44_mean_abs_diff": 0.028760258108377457,
  "ref_mask_iou_per_frame": {
    "33": 0.32255921651989067,
    "34": 0.08954939548730945,
    "35": 0.12562135053473802,
    "36": 0.6368445981950283,
    "37": 0.655017091171594,
    "38": 0.44816869104247176,
    "39": 0.4951311286094415,
    "40": 0.5892132979183686,
    "41": 0.8209417444951108,
    "42": 0.7778196771355205,
    "43": 0.7950748423113079,
    "44": 0.8019933809529894
  },
  "ref_mask_iou_avg": 0.5464945345311475,
  "gen_consecutive_mad_on_alpha": {
    "33->34": 0.2222553938627243,
    "34->35": 0.3775950074195862,
    "35->36": 0.44543299078941345,
    "36->37": 0.3092506229877472,
    "37->38": 0.23685169219970703,
    "38->39": 0.196381613612175,
    "39->40": 0.19481953978538513,
    "40->41": 0.17424781620502472,
    "41->42": 0.14527183771133423,
    "42->43": 0.1116364449262619,
    "43->44": 0.14731404185295105
  }
}