{
  "poster_vs_frame44_mean_abs_diff": 0.028758859261870384,
  "ref_mask_iou_per_frame": {
    "33": 0.4838831113829937,
    "34": 0.2852711333591131,
    "35": 0.3472115622549081,
    "36": 0.5871487095753992,
    "37": 0.7400944521299432,
    "38": 0.4857999685599236,
    "39": 0.483963416543991,
    "40": 0.5357798727963073,
    "41": 0.8000482854063297,
    "42": 0.7791318111913539,
    "43": 0.7821419773547138,
    "44": 0.801960588892211
  },
  "ref_mask_iou_avg": 0.5927029074539323,
  "gen_consecutive_mad_on_alpha": {
    "33->34": 0.1357068568468094,
    "34->35": 0.33611777424812317,
    "35->36": 0.31178075075149536,
    "36->37": 0.26911240816116333,
    "37->38": 0.2268397957086563,
    "38->39": 0.12463989108800888,
    "39->40": 0.17340494692325592,
    "40->41": 0.07194793224334717,
    "41->42": 0.10143595933914185,
    "42->43": 0.031617842614650726,
    "43->44": 0.11743675917387009
  }
}