{
  "poster_vs_frame_end_mean_abs_diff": 0.1499158889055252,
  "ref_mean_abs_diff_on_alpha_per_frame": {
    "33": 0.27002575993537903,
    "34": 0.2995065152645111,
    "35": 0.29947054386138916,
    "36": 0.29945454001426697,
    "37": 0.3503910303115845,
    "38": 0.35040122270584106,
    "39": 0.35039493441581726,
    "40": 0.3503863513469696,
    "41": 0.3971302807331085,
    "42": 0.3971349895000458,
    "43": 0.409189909696579,
    "44": 0.4383280277252197
  },
  "ref_mean_abs_diff_on_alpha_avg": 0.3509845087925593
}