{
  "poster_vs_frame44_mean_abs_diff": 0.04690941050648689,
  "ref_mask_iou_per_frame": {
    "33": 0.2158377914272505,
    "34": 0.246049140615988,
    "35": 0.3863262462354475,
    "36": 0.5826483982504298,
    "37": 0.5575286925710925,
    "38": 0.6728466246784351,
    "39": 0.7276896636983053,
    "40": 0.6792549856646731,
    "41": 0.8644840287923283,
    "42": 0.8173865877445239,
    "43": 0.7684849606147545,
    "44": 0.8017854017601077
  },
  "ref_mask_iou_avg": 0.610026876837778,
  "gen_alpha_area_norm_to_end": {
    "33": 0.06062522276004001,
    "34": 0.07084631569265437,
    "35": 0.12466641883614187,
    "36": 0.2468851918706478,
    "37": 0.3390807020502227,
    "38": 0.4502914563620267,
    "39": 0.5756732622800664,
    "40": 0.7047495314853353,
    "41": 0.8328038191450358,
    "42": 0.9417036176869236,
    "43": 1.0080928163639684,
    "44": 1.0
  },
  "gen_consecutive_mad_on_alpha": {
    "33->34": 0.42333561182022095,
    "34->35": 0.40724489092826843,
    "35->36": 0.39895927906036377,
    "36->37": 0.2746022343635559,
    "37->38": 0.23922964930534363,
    "38->39": 0.22238454222679138,
    "39->40": 0.20907744765281677,
    "40->41": 0.20462200045585632,
    "41->42": 0.1976737678050995,
    "42->43": 0.17383863031864166,
    "43->44": 0.21310031414031982
  }
}