{
  "poster_vs_frame_end_mean_abs_diff": 0.20816949009895325,
  "ref_mean_abs_diff_on_alpha_per_frame": {
    "33": 0.5558722019195557,
    "34": 0.5290899276733398,
    "35": 0.5290424823760986,
    "36": 0.5290954113006592,
    "37": 0.5224533677101135,
    "38": 0.5224588513374329,
    "39": 0.5224825739860535,
    "40": 0.5224595665931702,
    "41": 0.487618088722229,
    "42": 0.48761799931526184,
    "43": 0.45780888199806213,
    "44": 0.47304749488830566
  },
  "ref_mean_abs_diff_on_alpha_avg": 0.5115872373183569
}